imagens_treinamento_usuarios/user4/1.jpg;3
imagens_treinamento_usuarios/user4/2.jpg;3
imagens_treinamento_usuarios/user4/3.jpg;3
imagens_treinamento_usuarios/user4/4.jpg;3
imagens_treinamento_usuarios/user4/5.jpg;3
imagens_treinamento_usuarios/user4/6.jpg;3
imagens_treinamento_usuarios/user4/7.jpg;3
imagens_treinamento_usuarios/user4/8.jpg;3
imagens_treinamento_usuarios/user4/9.jpg;3
imagens_treinamento_usuarios/user4/10.jpg;3
imagens_treinamento_usuarios/user4/11.jpg;3
imagens_treinamento_usuarios/user4/12.jpg;3
imagens_treinamento_usuarios/user4/13.jpg;3
imagens_treinamento_usuarios/user4/14.jpg;3
imagens_treinamento_usuarios/user4/15.jpg;3
imagens_treinamento_usuarios/user4/16.jpg;3
imagens_treinamento_usuarios/user4/17.jpg;3
imagens_treinamento_usuarios/user4/18.jpg;3
imagens_treinamento_usuarios/user4/19.jpg;3
imagens_treinamento_usuarios/user4/20.jpg;3
imagens_treinamento_usuarios/user4/21.jpg;3
imagens_treinamento_usuarios/user4/22.jpg;3
imagens_treinamento_usuarios/user4/23.jpg;3
imagens_treinamento_usuarios/user4/24.jpg;3
imagens_treinamento_usuarios/user4/25.jpg;3
imagens_treinamento_usuarios/user4/26.jpg;3
imagens_treinamento_usuarios/user4/27.jpg;3
imagens_treinamento_usuarios/user4/28.jpg;3
imagens_treinamento_usuarios/user4/29.jpg;3
imagens_treinamento_usuarios/user4/30.jpg;3
imagens_treinamento_usuarios/user4/31.jpg;3
imagens_treinamento_usuarios/user4/32.jpg;3
imagens_treinamento_usuarios/user4/33.jpg;3
imagens_treinamento_usuarios/user4/34.jpg;3
imagens_treinamento_usuarios/user4/35.jpg;3
imagens_treinamento_usuarios/user4/36.jpg;3
imagens_treinamento_usuarios/user4/37.jpg;3
imagens_treinamento_usuarios/user4/38.jpg;3
imagens_treinamento_usuarios/user4/39.jpg;3
imagens_treinamento_usuarios/user4/40.jpg;3
imagens_treinamento_usuarios/user4/41.jpg;3
imagens_treinamento_usuarios/user4/42.jpg;3
imagens_treinamento_usuarios/user4/43.jpg;3
imagens_treinamento_usuarios/user4/44.jpg;3
imagens_treinamento_usuarios/user4/45.jpg;3
imagens_treinamento_usuarios/user4/46.jpg;3
imagens_treinamento_usuarios/user4/47.jpg;3
imagens_treinamento_usuarios/user4/48.jpg;3
imagens_treinamento_usuarios/user4/49.jpg;3
imagens_treinamento_usuarios/user4/50.jpg;3
imagens_treinamento_usuarios/user4/51.jpg;3
imagens_treinamento_usuarios/user4/52.jpg;3
imagens_treinamento_usuarios/user4/53.jpg;3
imagens_treinamento_usuarios/user4/54.jpg;3
imagens_treinamento_usuarios/user4/55.jpg;3
imagens_treinamento_usuarios/user4/56.jpg;3
imagens_treinamento_usuarios/user4/57.jpg;3
imagens_treinamento_usuarios/user4/58.jpg;3
imagens_treinamento_usuarios/user4/59.jpg;3
imagens_treinamento_usuarios/user4/60.jpg;3
imagens_treinamento_usuarios/user4/61.jpg;3
imagens_treinamento_usuarios/user4/62.jpg;3
imagens_treinamento_usuarios/user4/63.jpg;3
imagens_treinamento_usuarios/user4/64.jpg;3
imagens_treinamento_usuarios/user4/65.jpg;3
imagens_treinamento_usuarios/user4/66.jpg;3
imagens_treinamento_usuarios/user4/67.jpg;3
imagens_treinamento_usuarios/user4/68.jpg;3
imagens_treinamento_usuarios/user4/69.jpg;3
imagens_treinamento_usuarios/user4/70.jpg;3
imagens_treinamento_usuarios/user4/71.jpg;3
imagens_treinamento_usuarios/user4/72.jpg;3
imagens_treinamento_usuarios/user4/73.jpg;3
imagens_treinamento_usuarios/user4/74.jpg;3
imagens_treinamento_usuarios/user4/75.jpg;3
imagens_treinamento_usuarios/user4/76.jpg;3
imagens_treinamento_usuarios/user4/77.jpg;3
imagens_treinamento_usuarios/user4/78.jpg;3
imagens_treinamento_usuarios/user4/79.jpg;3
imagens_treinamento_usuarios/user4/80.jpg;3
imagens_treinamento_usuarios/user4/81.jpg;3
imagens_treinamento_usuarios/user4/82.jpg;3
imagens_treinamento_usuarios/user4/83.jpg;3
imagens_treinamento_usuarios/user4/84.jpg;3
imagens_treinamento_usuarios/user4/85.jpg;3
imagens_treinamento_usuarios/user4/86.jpg;3
imagens_treinamento_usuarios/user4/87.jpg;3
imagens_treinamento_usuarios/user4/88.jpg;3
imagens_treinamento_usuarios/user4/89.jpg;3
imagens_treinamento_usuarios/user4/90.jpg;3
imagens_treinamento_usuarios/user4/91.jpg;3
imagens_treinamento_usuarios/user4/92.jpg;3
imagens_treinamento_usuarios/user4/93.jpg;3
imagens_treinamento_usuarios/user4/94.jpg;3
imagens_treinamento_usuarios/user4/95.jpg;3
imagens_treinamento_usuarios/user4/96.jpg;3
imagens_treinamento_usuarios/user4/97.jpg;3
imagens_treinamento_usuarios/user4/98.jpg;3
imagens_treinamento_usuarios/user4/99.jpg;3
imagens_treinamento_usuarios/user4/100.jpg;3
